{"stats":{"minecraft:mined":{"minecraft:mangrove_leaves":16,"minecraft:sand":2},"minecraft:custom":{"minecraft:jump":296,"minecraft:time_since_rest":22657,"minecraft:damage_taken":565,"minecraft:leave_game":2,"minecraft:play_time":36466,"minecraft:sprint_one_cm":34636,"minecraft:time_since_death":21884,"minecraft:walk_one_cm":18160,"minecraft:deaths":2,"minecraft:total_world_time":36466,"minecraft:climb_one_cm":1566,"minecraft:fall_one_cm":12052,"minecraft:fly_one_cm":69661},"minecraft:used":{"minecraft:sand":2,"minecraft:experience_bottle":28},"minecraft:killed_by":{"minecraft:zombie":1},"minecraft:picked_up":{"minecraft:sand":2}},"DataVersion":3700}